{"cameraMode":{"drawMode":0,"name":"Shaded","section":"Shading Mode"},"sceneLighting":true,"audioPlay":false,"sceneViewState":{"showFog":false,"showMaterialUpdate":false,"showSkybox":false,"showFlares":false,"showImageEffects":false,"showParticleSystems":false},"in2DMode":false,"pivot":{"x":2.3472790718078615,"y":-1.0150786638259888,"z":0.6525609493255615},"rotation":{"x":0.043157584965229037,"y":-0.04225291684269905,"z":0.001826210762374103,"w":0.9981811046600342},"size":3.4934844970703127,"orthographic":false}